Title,App ID,App store id,,
Outcomes4Me Cancer Care,com.outcomes4me,1404382419,outcomes4me-cancer-care,fr
ZenOnco Cancer Care,com.zenonco.cancer,1625128857,zenonco-cancer-care,fr
Cancer Therapy Advisor,com.usbmis.troposphere.chemad,587577694,cancer-therapy-advisor,us
BELONG Beating Cancer Together,com.belongtail.belong,1026738945,belong-beating-cancer-together,us
Mango Cancer Care,com.mangosciences.vbc,1585768635,mango-cancer-care,in
Cancer.Net Mobile,com.fueled.cancernet,433501257,cancer-net-mobile,us
chemoWave: Cancer Health Diary,com.chemowave.android,1199851760,chemowave-cancer-health-diary,us
Cancer Care Direct,com.edhc.jasper,1610613997,cancer-care-direct,us
War On Cancer: Join Today,com.wocmobile,1317767189,war-on-cancer-social-app,us
Jasper Cancer Care Companion,com.hello.jasper,1568727472,jasper-cancer-care-companion,us
LivingWith™: Cancer support,com.pfizer.us.livingwith,1223073769,livingwith-cancer-support,us
CancerAid,au.com.canceraid,1138574844,canceraid,us
Cancer AI,com.app.p5547DE,1531173667,cancer-ai,fr
MyChart,epic.mychart.android,382952264,mychart,us
Cancer Treatment App,com.hrghazali.developer.cancerguidetplusd01,,,
nuQare YOU-Better Cancer Care,com.nuqare.you,,,
Vinehealth: Cancer Companion,vine.health,1452521535,vinehealth-cancer-companion,gb
My CareCrew – Cancer Support,com.mycarecrew,1531317081,my-carecrew-cancer-support,us
ASCO Guidelines,org.asco.guidelines,1238827183,asco-guidelines,us
NCCN Guidelines®,com.tipmedcom.nccn.guidelines.mobile,775500217,nccn-guidelines,th
cancer education,com.cancereducation,1622353903,cancer-education,tr
Cancer Home Health- Patient,com.chh.cancerhomecare,,,
MyMoffitt Patient Portal,org.moffitt.brandedpatientportal.play,1288055817,mymoffitt-patient-portal,us
myCTCA,com.myctca,,,
NCCN Patient Guides for Cancer,com.mediaparts.nccn,1168594706,nccn-patient-guides-for-cancer,us
ONCOassist,com.oncoassist.core,558299114,oncoassist,us
OWise - Breast Cancer Support,nl.onesixty.owise,558158100,owise-breast-cancer-support,us
Fight Cancer Naturally,com.seawellsoft.fightcancerfree,,,
Becca - Breast Cancer Support,com.yourcompany.becca,1228082090,becca-breast-cancer-support,gb
FUNdraising,org.cancer.fundraising,,,
Cancer 101 Treatment,revolxa.inc.cancertreatment,,,
100 Cancer Prevention Tips,com.andromo.dev462136.app546291,,,
Types of Cancer Treatment,com.andromo.dev712859.app826270,,,
Bezzy Breast Cancer,com.healthline.breastcancer,1356340700,bezzy-breast-cancer,us
My Cancer Tracker,com.healthstack.mycancertracker,1536827386,my-cancer-tracker,us
My Cancer Companion,com.mycancercompanion.app,1640682684,my-cancer-companion,pl
Breast Cancer,com.focusmedica.ud.breastcancer,,,
Breast Cancer,com.andromo.dev663676.app666377,,,
Surviving Breast Cancer Org,org.survivingbreastcancer,1596744643,surviving-breast-cancer-org,us
Breast Cancer,com.andromo.dev737641.app807664,,,
Breast Cancer Rehab,com.mediplussolution.android.csmsrenewal.breastcanceren,,,
Breast Cancer,com.andromo.dev905822.app1042291,,,
End Brain Cancer,com.vobo.ebci,6443982515,end-brain-cancer,us
BRIAN – the brain tumour app,uk.org.askbrian.app,1528956116,brian-the-brain-tumour-app,gb
OWise - Prostate Cancer Suppor,com.pxhealthcare.owise2.app,1536593910,owise-prostate-cancer-support,us
iCancerHealth : Cancer Care,com.iCancerHealth.ICHPatientApp,723088265,icancerhealth-cancer-care,us
OncoBuddy: The Cancer Care App,com.oncobuddy.app,,,
OncoMate India,,1588423641,oncomate-india,in
Let's Fight Cancer,,1582298067,lets-fight-cancer,us
Cancer Research News & Prevention Info Free ,,1177240037,cancer-research-news-prevention-info-free,lc
Triple Negative Breast Cancer ,com.Kognito.TNBC,1391974273,triple-negative-breast-cancer,fr
Breast Cancer Recovery,,1451697702,breast-cancer-recovery,us
